kepid,kepoi_name,kepler_name,koi_disposition,koi_pdisposition,koi_score,koi_fpflag_nt,koi_fpflag_ss,koi_fpflag_co,koi_fpflag_ec,koi_period,koi_period_err1,koi_period_err2,koi_time0bk,koi_time0bk_err1,koi_time0bk_err2,koi_impact,koi_impact_err1,koi_impact_err2,koi_duration,koi_duration_err1,koi_duration_err2,koi_depth,koi_depth_err1,koi_depth_err2,koi_prad,koi_prad_err1,koi_prad_err2,koi_teq,koi_teq_err1,koi_teq_err2,koi_insol,koi_insol_err1,koi_insol_err2,koi_model_snr,koi_tce_plnt_num,koi_tce_delivname,koi_steff,koi_steff_err1,koi_steff_err2,koi_slogg,koi_slogg_err1,koi_slogg_err2,koi_srad,koi_srad_err1,koi_srad_err2,ra_str,dec_str,koi_kepmag,koi_kepmag_err
7820699,K04555.01,,CANDIDATE,CANDIDATE,,0,0,0,0,364.08733,0.02594,-0.02594,287.6056,0.048,-0.048,0.1702,0.2852,-0.1702,14.09,2.6,-2.6,372,60.5,-60.5,1.39,0.35,-0.11,211.0,,,0.47,0.37,-0.11,8.80,1,q1_q16_tce,5376.00,179.00,-142.00,4.601,0.035,-0.139,0.7270,0.1830,-0.0550,19h24m52.90s,+43d34m27.4s,14.816,
4742188,K07703.01,,CANDIDATE,CANDIDATE,0.2550,0,0,0,0,413.51856,0.01904,-0.01904,374.3587,0.0287,-0.0287,0.019,0.451,-0.019,10.395,1,-1,391.1,59.3,-59.3,1.96,0.61,-0.22,254.0,,,0.98,0.92,-0.30,7.90,1,q1_q17_dr25_tce,6031.00,180.00,-198.00,4.450,0.070,-0.210,0.9920,0.3110,-0.1110,19h21m32.93s,+39d49m47.8s,15.106,
9005321,K04848.01,,CANDIDATE,CANDIDATE,,0,0,0,0,384.6961,0.01226,-0.01226,365.0874,0.0142,-0.0142,0.5221,0.0034,-0.4765,6.167,0.611,-0.611,787,111,-111,1.78,0.12,-0.2,157.0,,,0.14,0.04,-0.04,8.20,,,4228.00,125.00,-139.00,4.640,0.057,-0.027,0.6230,0.0450,-0.0670,18h59m04.23s,+45d20m28.4s,15.677,
5097856,K07716.01,,CANDIDATE,CANDIDATE,0.2300,0,0,0,0,483.36405,0.04975,-0.04975,483.0784,0.0593,-0.0593,0.614,0.049,-0.468,15.61,2,-2,285.4,40.9,-40.9,1.27,0.25,-0.1,202.0,,,0.39,0.24,-0.09,8.30,1,q1_q17_dr25_tce,5700.00,171.00,-153.00,4.626,0.032,-0.128,0.7180,0.1430,-0.0540,19h25m28.96s,+40d12m57.8s,14.861,
11804437,K04878.01,,CANDIDATE,CANDIDATE,,0,0,0,0,449.01499,0.02055,-0.02055,144.707,0.0265,-0.0265,0.2182,0.2153,-0.2181,12.58,1,-1,94.2,13.1,-13.1,1.04,0.38,-0.14,258.0,,,1.04,1.10,-0.34,8.50,1,q1_q16_tce,6031.00,143.00,-168.00,4.368,0.106,-0.251,1.0680,0.3890,-0.1450,19h04m54.75s,+50d00m48.9s,12.291,
10000162,K04902.01,,CANDIDATE,CANDIDATE,,0,0,0,0,409.38645,0.02907,-0.02907,340.621,0.037,-0.037,0.0706,0.3801,-0.0705,13.78,1.7,-1.7,531.5,83.7,-83.7,1.78,0.57,-0.16,197.0,,,0.35,0.35,-0.09,10.30,1,q1_q16_tce,4955.00,171.00,-136.00,4.517,0.065,-0.680,0.7990,0.2550,-0.0710,19h05m20.51s,+46d55m04.2s,15.149,
4940203,K07711.01,,CANDIDATE,CANDIDATE,0.9870,0,0,0,0,302.779824,0.009594,-0.009594,355.5989,0.0268,-0.0268,0.001,0.44,-0.001,16.847,0.721,-0.721,270.9,25.2,-25.2,1.31,0.34,-0.12,246.0,,,0.87,0.66,-0.22,12.30,1,q1_q17_dr25_tce,5734.00,154.00,-154.00,4.572,0.042,-0.168,0.7970,0.2070,-0.0690,19h43m56.17s,+40d02m37.0s,14.160,
5428199,K05162.01,,CANDIDATE,CANDIDATE,,0,0,0,0,628.15844,0.01967,-0.01967,152.9787,0.0124,-0.0124,0.2733,0.1295,-0.2731,12.144,0.783,-0.783,502.3,48.2,-48.2,0.95,0.11,-0.11,101.0,,,0.03,0.00,-0.01,14.70,1,q1_q16_tce,3697.00,50.00,-62.00,4.829,0.060,-0.060,0.4230,0.0500,-0.0500,18h56m47.27s,+40d38m28.5s,13.347,
5439000,K05165.01,,CANDIDATE,CANDIDATE,,0,0,0,0,369.73011,0.02032,-0.02032,246.29,0.0404,-0.0404,0.1236,0.3231,-0.1235,14.27,3.9,-3.9,274.8,81.3,-81.3,1.66,0.74,-0.15,274.0,,,1.34,1.74,-0.37,9.60,1,q1_q16_tce,6283.00,161.00,-195.00,4.453,0.052,-0.302,0.9990,0.4410,-0.0950,19h15m24.30s,+40d41m33.3s,13.976,
4484179,K05068.01,,CANDIDATE,CANDIDATE,,0,0,0,0,385.29212,0.01484,-0.01484,440.5319,0.0237,-0.0237,0.0118,0.4231,-0.0116,19.417,0.611,-0.611,218.5,17.5,-17.5,1.57,0.52,-0.23,290.0,,,1.68,1.62,-0.60,15.10,1,q1_q16_tce,6440.00,171.00,-194.00,4.355,0.126,-0.236,1.0530,0.3470,-0.1560,19h45m41.45s,+39d34m45.8s,13.086,
5793275,K05202.01,,CANDIDATE,CANDIDATE,,0,0,0,0,535.93723,0.02765,-0.02765,135.5316,0.0322,-0.0322,0.5968,0.0024,-0.4999,11.85,1.3,-1.3,337.2,47.4,-47.4,1.83,0.78,-0.16,227.0,,,0.63,0.78,-0.17,8.80,1,q1_q17_dr24_tce,6014.00,157.00,-190.00,4.494,0.042,-0.301,0.9580,0.4060,-0.0840,19h30m14.28s,+41d05m24.0s,14.679,
4770798,K05087.01,,CANDIDATE,CANDIDATE,,0,0,0,0,651.07431,0.01577,-0.01577,216.3882,0.0224,-0.0224,0.0343,0.4067,-0.0341,5.603,0.625,-0.625,153.7,26.2,-26.2,1.55,0.59,-0.35,234.0,,,0.71,0.81,-0.32,7.10,1,q1_q16_tce,5696.00,156.00,-148.00,4.218,0.207,-0.219,1.2610,0.4820,-0.2800,19h50m02.21s,+39d53m16.9s,12.524,
4915582,K05101.01,,CANDIDATE,CANDIDATE,,0,0,0,0,436.18813,0.0255,-0.0255,185.8184,0.0492,-0.0492,0.0998,0.3626,-0.0997,11.35,1.4,-1.4,118,16.5,-16.5,1.64,0.7,-0.45,331.0,,,2.84,3.55,-1.53,8.70,1,q1_q16_tce,6499.00,174.00,-204.00,4.084,0.261,-0.231,1.4970,0.6350,-0.4140,19h17m25.34s,+40d04m06.1s,13.026,
6034834,K05227.01,,CANDIDATE,CANDIDATE,,0,0,0,0,371.56492,0.0139,-0.0139,259.8491,0.0316,-0.0316,0.2626,0.194,-0.2625,14.736,0.697,-0.697,375.5,33.2,-33.2,1.89,0.82,-0.35,259.0,,,1.06,1.39,-0.43,16.20,1,q1_q16_tce,5735.00,172.00,-138.00,4.351,0.183,-0.272,0.9720,0.4220,-0.1830,19h17m22.84s,+41d21m53.2s,14.058,
6036286,K05228.01,,CANDIDATE,CANDIDATE,,0,0,0,0,546.53309,0.04248,-0.04248,334.0585,0.0297,-0.0297,0.6074,0.321,-0.3998,16.04,1.9,-1.9,758,81.1,-81.1,1.03,0.17,-0.15,94.0,,,0.02,0.01,-0.01,12.30,1,q1_q16_tce,3434.00,72.00,-73.00,4.892,0.060,-0.080,0.3600,0.0600,-0.0500,19h19m15.76s,+41d23m47.2s,15.347,
3540873,K04986.01,,CANDIDATE,CANDIDATE,,0,0,0,0,444.04257,0.02842,-0.02842,334.6734,0.0399,-0.0399,0.062,0.3936,-0.062,10.9,1.1,-1.1,417.4,63.7,-63.7,1.48,0.47,-0.08,211.0,,,0.47,0.43,-0.10,7.40,1,q1_q16_tce,5776.00,167.00,-149.00,4.622,0.026,-0.199,0.7260,0.2280,-0.0420,19h21m25.15s,+38d40m21.1s,14.795,
6115356,K05237.01,,CANDIDATE,CANDIDATE,,0,0,0,0,380.39474,0.02229,-0.02229,502.2332,0.0222,-0.0222,0.1094,0.3546,-0.1091,10.775,0.955,-0.955,603,68.5,-68.5,1.84,0.8,-0.12,224.0,,,0.60,0.79,-0.13,8.60,1,q1_q16_tce,5772.00,180.00,-146.00,4.608,0.027,-0.272,0.7450,0.3250,-0.0470,19h16m48.04s,+41d25m50.7s,15.326,
5166811,K05130.01,,CANDIDATE,CANDIDATE,,0,0,0,0,370.05918,0.02027,-0.02027,311.474,0.0452,-0.0452,0.0166,0.4255,-0.0166,11.86,1.3,-1.3,669.8,90.4,-90.4,1.9,0.44,-0.15,206.0,,,0.43,0.31,-0.10,8.60,1,q1_q16_tce,5228.00,176.00,-141.00,4.592,0.031,-0.132,0.7510,0.1730,-0.0580,18h57m51.80s,+40d18m53.8s,15.612,
3834728,K05009.01,,CANDIDATE,CANDIDATE,,0,0,0,0,359.98653,0.01209,-0.01209,352.5338,0.0283,-0.0283,0.3719,0.0874,-0.3718,3.866,0.86,-0.86,671,141,-141,1.76,0.29,-0.13,200.0,,,0.38,0.19,-0.09,5.60,1,q1_q16_tce,5171.00,154.00,-138.00,4.626,0.037,-0.083,0.6770,0.1100,-0.0510,19h04m55.76s,+38d59m30.3s,15.155,
8547213,K05536.01,,CANDIDATE,CANDIDATE,,0,0,0,0,392.72811,0.03037,-0.03037,371.411,0.0461,-0.0461,0.4505,0.074,-0.4188,12.48,1.4,-1.4,499.7,54.8,-54.8,1.85,0.84,-0.15,226.0,,,0.62,0.85,-0.15,12.00,1,q1_q16_tce,5701.00,165.00,-142.00,4.558,0.035,-0.295,0.8150,0.3680,-0.0660,19h04m26.96s,+44d39m27.3s,15.033,
10387792,K05789.01,,CANDIDATE,CANDIDATE,,0,0,0,0,383.26217,0.01329,-0.01329,216.192,0.0366,-0.0366,0.1407,0.3331,-0.1406,4.84,1.3,-1.3,448.4,73.5,-73.5,1.57,0.37,-0.15,203.0,,,0.40,0.29,-0.11,11.00,1,q1_q16_tce,5074.00,162.00,-126.00,4.536,0.065,-0.615,0.7610,0.1790,-0.0740,18h53m51.14s,+47d33m16.6s,14.060,
8570210,K05545.01,,CANDIDATE,CANDIDATE,,0,0,0,0,541.04472,0.02119,-0.02119,372.4781,0.0277,-0.0277,0.2387,0.2201,-0.2387,12.47,1.1,-1.1,181.5,21.9,-21.9,1.08,0.48,-0.07,206.0,,,0.43,0.56,-0.10,8.80,1,q1_q16_tce,5829.00,156.00,-144.00,4.575,0.030,-0.300,0.8020,0.3540,-0.0580,19h42m23.28s,+44d36m50.0s,13.607,
8652997,K05554.01,,CANDIDATE,CANDIDATE,,0,0,0,0,362.22202,0.03126,-0.03126,385.738,0.0661,-0.0661,0.5664,0.0065,-0.5054,14.29,2.7,-2.7,52.5,10.2,-10.2,0.96,0.33,-0.24,312.0,,,2.25,2.21,-1.11,14.60,1,q1_q16_tce,6113.00,153.00,-159.00,4.168,0.253,-0.211,1.2770,0.4340,-0.3170,20h01m34.07s,+44d47m07.2s,11.189,
8656535,K05556.01,,CANDIDATE,CANDIDATE,,0,0,0,0,631.99116,0.006482,-0.006482,147.27452,0.00767,-0.00767,0.2397,0.2152,-0.2397,2.99,0.301,-0.301,345.6,52.3,-52.3,1.86,0.69,-0.26,210.0,,,0.46,0.52,-0.16,7.20,1,q1_q16_tce,5594.00,185.00,-161.00,4.387,0.119,-0.246,1.0060,0.3770,-0.1400,20h06m01.57s,+44d42m42.6s,13.415,
10552263,K05806.01,,CANDIDATE,CANDIDATE,,0,0,0,0,313.82752,0.009634,-0.009634,166.4928,0.0179,-0.0179,0.1103,0.3213,-0.1103,4.187,0.426,-0.426,168,22.5,-22.5,1.26,0.49,-0.14,272.0,,,1.28,1.45,-0.36,8.70,1,q1_q16_tce,5914.00,147.00,-162.00,4.453,0.063,-0.274,0.9730,0.3780,-0.1030,19h51m28.81s,+47d46m15.9s,12.355,
10802364,K05829.01,,CANDIDATE,CANDIDATE,,0,0,0,0,583.8531,0.01404,-0.01404,362.1416,0.0209,-0.0209,0.5925,0.3162,-0.3295,5.09,1.2,-1.2,491,171,-171,1.97,0.71,-0.12,196.0,,,0.35,0.37,-0.07,5.40,1,q1_q16_tce,5591.00,153.00,-148.00,4.559,0.021,-0.266,0.8600,0.3090,-0.0550,19h35m38.49s,+48d11m31.5s,14.857,
10663976,K05819.01,,CANDIDATE,CANDIDATE,,0,0,0,0,381.37504,0.03635,-0.03635,490.55,0.0596,-0.0596,0.3515,0.0961,-0.3514,16.57,3.8,-3.8,286.5,46.6,-46.6,1.24,0.41,-0.08,212.0,,,0.48,0.50,-0.10,11.80,1,q1_q16_tce,5513.00,183.00,-139.00,4.614,0.029,-0.194,0.7290,0.2430,-0.0490,19h24m52.23s,+47d57m07.8s,14.182,
9941136,K05737.01,,CANDIDATE,CANDIDATE,,0,0,0,0,376.24253,0.01399,-0.01399,392.8316,0.0286,-0.0286,0.328,0.1504,-0.3279,4.064,0.949,-0.949,185.7,36.2,-36.2,1.32,0.51,-0.14,254.0,,,0.99,1.12,-0.28,6.30,1,q1_q16_tce,5916.00,153.00,-167.00,4.463,0.060,-0.275,0.9600,0.3740,-0.0990,19h06m31.36s,+46d50m36.1s,13.772,
9114614,K05616.01,,CANDIDATE,CANDIDATE,,0,0,0,0,441.61919,0.01945,-0.01945,348.5033,0.0272,-0.0272,0.5027,0.007,-0.4629,5.372,0.731,-0.731,820,151,-151,1.71,0.16,-0.17,152.0,,,0.12,0.05,-0.03,7.80,1,q1_q16_tce,4351.00,127.00,-138.00,4.659,0.060,-0.034,0.5920,0.0540,-0.0600,19h58m16.10s,+45d28m24.8s,14.497,
10007916,K05755.01,,CANDIDATE,CANDIDATE,,0,0,0,0,388.67155,0.01203,-0.01203,211.0496,0.0182,-0.0182,0.0576,0.3935,-0.0576,11.701,0.798,-0.798,371.3,47.2,-47.2,1.49,0.33,-0.12,210.0,,,0.46,0.31,-0.11,10.10,1,q1_q16_tce,5354.00,161.00,-144.00,4.587,0.027,-0.147,0.7880,0.1770,-0.0610,19h20m57.06s,+46d58m48.2s,14.829,
8352009,K05506.01,,CANDIDATE,CANDIDATE,,0,0,0,0,641.60204,0.02038,-0.02038,170.8404,0.0275,-0.0275,0.3218,0.1159,-0.3217,16.762,0.939,-0.939,237.3,23.2,-23.2,1.61,0.8,-0.14,230.0,,,0.66,0.97,-0.18,10.60,1,q1_q16_tce,6277.00,168.00,-204.00,4.449,0.044,-0.314,1.0310,0.5110,-0.0890,19h03m10.97s,+44d21m01.8s,14.152,
7416646,K05389.01,,CANDIDATE,CANDIDATE,,0,0,0,0,365.739893,0.006529,-0.006529,278.581,0.0132,-0.0132,0.6206,0.2197,-0.3689,1.218,0.47,-0.47,300.7,70.6,-70.6,1.73,0.91,-0.25,241.0,,,0.80,1.28,-0.28,4.70,1,q1_q16_tce,5420.00,160.00,-139.00,4.396,0.135,-0.334,0.9530,0.5010,-0.1390,18h42m53.49s,+43d03m55.7s,12.962,
9220614,K05643.01,,CANDIDATE,CANDIDATE,,0,0,0,0,570.01886,0.01442,-0.01442,375.0523,0.0175,-0.0175,0.1946,0.2543,-0.1942,3.52,0.616,-0.616,428.5,82.9,-82.9,1.62,0.44,-0.12,190.0,,,0.31,0.25,-0.07,6.80,1,q1_q16_tce,5496.00,151.00,-143.00,4.579,0.029,-0.172,0.7900,0.2150,-0.0600,19h31m10.46s,+45d41m16.3s,14.441,
11453930,K05900.01,,CANDIDATE,CANDIDATE,,0,0,0,0,355.84731,0.02086,-0.02086,447.657,0.0398,-0.0398,0.1578,0.3081,-0.1577,16.68,2.1,-2.1,123.9,14.9,-14.9,1.68,1.04,-0.32,354.0,,,3.71,6.93,-1.62,9.80,1,q1_q16_tce,6823.00,165.00,-242.00,4.212,0.121,-0.344,1.4930,0.9190,-0.2880,19h24m34.88s,+49d21m55.1s,13.127,
11722217,K05930.01,,CANDIDATE,CANDIDATE,,0,0,0,0,302.77571,0.008656,-0.008656,323.5739,0.0207,-0.0207,0.1265,0.3335,-0.1262,3.183,0.962,-0.962,1106,237,-237,1,0.33,-0.17,106.0,,,0.03,0.03,-0.01,7.10,1,q1_q16_tce,3358.00,79.00,-72.00,4.944,0.060,-0.140,0.3030,0.1000,-0.0500,19h45m00.60s,+49d53m11.6s,15.755,
11860294,K05938.01,,CANDIDATE,CANDIDATE,,0,0,0,0,545.205601,0.007326,-0.007326,237.24091,0.00857,-0.00857,0.3515,0.0941,-0.3514,3.296,0.329,-0.329,199.7,27.6,-27.6,1.66,1,-0.22,257.0,,,1.03,1.92,-0.36,7.10,1,q1_q16_tce,6273.00,168.00,-229.00,4.345,0.094,-0.334,1.1550,0.7000,-0.1490,19h18m36.83s,+50d07m40.8s,12.812,
12007270,K05948.01,,CANDIDATE,CANDIDATE,,0,0,0,0,398.51312,0.0193,-0.0193,165.2177,0.0388,-0.0388,0.5091,0.4959,-0.2889,5.41,1.1,-1.1,249.2,60.4,-60.4,1.23,0.55,-0.08,222.0,,,0.58,0.77,-0.12,5.90,1,q1_q16_tce,5776.00,161.00,-140.00,4.596,0.029,-0.287,0.7590,0.3390,-0.0500,19h12m43.81s,+50d29m54.1s,13.843,
12009917,K05949.01,,CANDIDATE,CANDIDATE,,0,0,0,0,559.785594,0.008732,-0.008732,433.1966,0.0146,-0.0146,0.411,0.0489,-0.4108,3.496,0.504,-0.504,274.8,43.5,-43.5,1.88,0.89,-0.24,249.0,,,0.92,1.28,-0.30,7.30,1,q1_q16_tce,6201.00,154.00,-188.00,4.352,0.101,-0.290,1.1110,0.5280,-0.1420,19h18m44.52s,+50d24m33.2s,13.295,
12418418,K05971.01,,CANDIDATE,CANDIDATE,,0,0,0,0,493.30572,0.01014,-0.01014,361.8842,0.0134,-0.0134,0.327,0.1407,-0.327,5.425,0.509,-0.509,404.5,48.5,-48.5,1.08,0.08,-0.08,149.0,,,0.12,0.03,-0.03,7.20,1,q1_q16_tce,4558.00,130.00,-122.00,4.697,0.053,-0.034,0.5480,0.0400,-0.0390,19h45m03.18s,+51d15m57.9s,13.771,
12506986,K05973.01,,CANDIDATE,CANDIDATE,,0,0,0,0,419.93373,0.04054,-0.04054,391.9313,0.0289,-0.0289,0.4097,0.0296,-0.4095,10.29,1.1,-1.1,285,32.8,-32.8,1.82,0.72,-0.17,285.0,,,1.57,1.74,-0.44,12.00,1,q1_q16_tce,6686.00,149.00,-203.00,4.425,0.053,-0.273,1.0530,0.4120,-0.1000,19h17m36.58s,+51d26m30.3s,12.710,
12734110,K05978.01,,CANDIDATE,CANDIDATE,,0,0,0,0,364.18129,0.02235,-0.02235,245.1789,0.0306,-0.0306,0.0594,0.4299,-0.0592,6.65,1.1,-1.1,469.5,95.8,-95.8,1.78,0.7,-0.16,209.0,,,0.45,0.59,-0.12,7.00,1,q1_q16_tce,4988.00,209.00,-153.00,4.498,0.070,-0.407,0.8500,0.3340,-0.0760,19h14m52.57s,+51d54m51.2s,14.923,
11393633,K05893.01,,CANDIDATE,CANDIDATE,,0,0,0,0,405.6296,0.02632,-0.02632,245.7373,0.0557,-0.0557,0.4652,0.0064,-0.4489,11.26,2.1,-2.1,304.3,59.1,-59.1,1.4,0.53,-0.11,216.0,,,0.52,0.58,-0.12,5.80,1,q1_q16_tce,5583.00,159.00,-144.00,4.580,0.030,-0.240,0.7900,0.2990,-0.0590,19h06m13.33s,+49d14m25.8s,15.006,
11414368,K05896.01,,CANDIDATE,CANDIDATE,,0,0,0,0,434.28175,0.01843,-0.01843,363.313,0.027,-0.027,0.3094,0.1312,-0.3093,8.14,1,-1,663.1,93.9,-93.9,1.94,1.08,-0.21,212.0,,,0.48,0.87,-0.14,12.80,1,q1_q16_tce,5544.00,196.00,-158.00,4.529,0.087,-0.445,0.7500,0.4210,-0.0790,19h47m51.42s,+49d12m08.4s,14.886,
6364582,K03456.02,,CANDIDATE,CANDIDATE,,0,0,0,0,486.12702,0.02185,-0.02185,426.1722,0.0308,-0.0308,0.3621,0.0933,-0.3621,9.495,0.82,-0.82,120.6,15.6,-15.6,1.18,0.44,-0.16,249.0,,,0.91,1.00,-0.30,8.10,2,q1_q16_tce,6008.00,156.00,-174.00,4.373,0.103,-0.255,1.0620,0.3970,-0.1410,19h28m00.49s,+41d47m13.1s,12.988,
4139254,K06108.01,,CANDIDATE,CANDIDATE,,0,0,0,0,485.92297,0.01167,-0.01167,299.5015,0.015,-0.015,0.4516,0.0439,-0.4516,3.756,0.819,-0.819,122.9,27.1,-27.1,1.07,0.47,-0.16,225.0,,,0.61,0.79,-0.21,5.50,3,q1_q16_tce,5551.00,159.00,-131.00,4.386,0.143,-0.273,0.9570,0.4120,-0.1470,19h03m27.05s,+39d12m19.0s,12.120,
11462969,K06239.01,,CANDIDATE,CANDIDATE,,0,0,0,0,406.496216,0.007638,-0.007638,325.9025,0.0174,-0.0174,0.5052,0.0318,-0.4452,3.495,0.607,-0.607,380.2,58.6,-58.6,1.77,0.76,-0.15,236.0,,,0.73,0.93,-0.18,6.90,1,q1_q16_tce,5847.00,151.00,-159.00,4.525,0.035,-0.303,0.8840,0.3830,-0.0730,19h42m16.04s,+49d22m40.9s,13.893,
6946708,K06151.01,,CANDIDATE,CANDIDATE,,0,0,0,0,431.78556,0.01936,-0.01936,507.3561,0.0273,-0.0273,0.196,0.2674,-0.1958,9.135,0.862,-0.862,332.6,40.1,-40.1,1.36,0.47,-0.09,211.0,,,0.47,0.48,-0.10,9.40,1,q1_q16_tce,5642.00,175.00,-137.00,4.600,0.030,-0.207,0.7470,0.2580,-0.0500,19h24m48.23s,+42d27m00.0s,14.401,
6768394,K02086.04,,CANDIDATE,CANDIDATE,,0,0,0,0,335.56311,0.03882,-0.03882,340.6688,0.0644,-0.0644,0.12,0.33,-0.12,13.06,2.3,-2.3,158,26.7,-26.7,1.83,1.01,-0.47,333.0,,,2.90,4.85,-1.49,7.20,4,q1_q16_tce,6200.00,160.00,-199.00,4.160,0.218,-0.280,1.4480,0.8010,-0.3700,19h15m50.70s,+42d15m54.0s,13.959,
3548044,K02194.03,,CANDIDATE,CANDIDATE,0.4960,0,0,0,0,445.21685,0.01812,-0.01812,202.847,0.0396,-0.0396,0,0.444,0,16.37,1,-1,211.6,20.6,-20.6,1.37,0.18,-0.18,237.0,,,0.74,0.29,-0.22,11.10,3,q1_q17_dr25_tce,5670.00,113.00,-102.00,4.387,0.138,-0.092,0.9500,0.1240,-0.1240,19h29m18.35s,+38d39m27.3s,13.865,
9221517,K02281.02,,CANDIDATE,CANDIDATE,,0,0,0,0,455.27405,0.05654,-0.05654,367.95,0.0144,-0.0144,0.2429,0.3335,-0.2428,2.4,1.1,-1.1,366,122,-122,1.54,0.34,-0.11,196.0,,,0.35,0.25,-0.08,4.50,2,q1_q16_tce,5178.00,172.00,-136.00,4.556,0.028,-0.149,0.8180,0.1860,-0.0560,19h32m31.46s,+45d39m48.8s,13.829,
7219825,K00238.03,,CANDIDATE,CANDIDATE,0.7840,0,0,0,0,362.97828,0.01599,-0.01599,256.5011,0.0258,-0.0258,0.055,0.409,-0.055,14.083,0.744,-0.744,260.6,20.5,-20.5,1.96,0.33,-0.29,296.0,,,1.81,0.87,-0.60,13.00,2,q1_q17_dr25_tce,6086.00,133.00,-133.00,4.274,0.137,-0.112,1.2160,0.1990,-0.1790,19h47m59.67s,+42d46m55.1s,14.061,
8555967,K07894.01,,CANDIDATE,CANDIDATE,0.8370,0,0,0,0,347.97611,0.01268,-0.01268,169.433,0.0305,-0.0305,0.057,0.383,-0.057,16.77,1.1,-1.1,341.3,34.9,-34.9,1.62,0.49,-0.15,253.0,,,0.97,0.87,-0.27,11.90,1,q1_q17_dr25_tce,5995.00,163.00,-181.00,4.536,0.038,-0.200,0.8780,0.2660,-0.0830,19h21m12.74s,+44d40m41.1s,14.648,
9480398,K07179.01,,CANDIDATE,CANDIDATE,,0,0,0,0,407.14656,0.05896,-0.05896,509.257,0.0743,-0.0743,0.7466,0.0484,-0.5277,23.26,3.7,-3.7,82.3,12.2,-12.2,1.18,0.49,-0.22,272.0,,,1.29,1.66,-0.54,8.20,1,q1_q17_dr24_tce,5845.00,181.00,-197.00,4.282,0.162,-0.162,1.1980,0.5030,-0.2200,19h49m29.82s,+46d03m17.3s,13.310,
6209225,K06676.01,,CANDIDATE,CANDIDATE,,0,0,0,0,439.21978,0.01354,-0.01354,523.3139,0.02,-0.02,0.2863,0.1998,-0.2862,9.392,0.601,-0.601,342.3,33.5,-33.5,1.81,0.62,-0.17,266.0,,,1.18,1.17,-0.32,10.30,1,q1_q17_dr24_tce,6553.00,161.00,-206.00,4.479,0.048,-0.048,0.9620,0.3310,-0.0880,19h32m38.80s,+41d32m17.4s,13.993,
11671646,K07470.01,,CANDIDATE,CANDIDATE,,0,0,0,0,392.50115,0.03343,-0.03343,498.8298,0.0511,-0.0511,0.1835,0.2835,-0.1834,9.88,1.1,-1.1,391.2,57.7,-57.7,1.9,2.01,-0.31,225.0,,,0.60,2.36,-0.23,8.90,1,q1_q17_dr24_tce,5128.00,193.00,-167.00,4.388,0.143,-0.143,0.9880,1.0470,-0.1580,19h46m08.35s,+49d47m09.1s,13.870,
4567118,K06425.01,,CANDIDATE,CANDIDATE,,0,0,0,0,521.10826,0.04224,-0.04224,189.5977,0.0577,-0.0577,0.3485,0.0982,-0.3485,18.36,3.3,-3.3,244.7,37.1,-37.1,1.5,0.57,-0.19,231.0,,,0.68,0.76,-0.22,8.70,1,q1_q17_dr24_tce,5942.00,165.00,-161.00,4.432,0.093,-0.093,0.9470,0.3610,-0.1190,19h32m57.43s,+39d41m30.1s,14.163,
9674320,K07223.01,,CANDIDATE,CANDIDATE,0.9470,0,0,0,0,317.062416,0.002425,-0.002425,297.8371,0.0109,-0.0109,0.673,0.269,-0.445,7.438,0.65,-0.65,442.9,43.8,-43.8,1.59,0.27,-0.12,218.0,,,0.54,0.29,-0.13,9.80,1,q1_q17_dr25_tce,5366.00,160.00,-144.00,4.625,0.032,-0.104,0.7150,0.1220,-0.0520,20h01m22.86s,+46d20m23.6s,14.634,
3548622,K06343.01,,CANDIDATE,CANDIDATE,0.0000,0,0,0,0,569.45051,0.0328,-0.0328,143.4648,0.049,-0.049,0.001,0.453,-0.001,9.63,2.3,-2.3,425.4,60.7,-60.7,1.96,0.59,-0.2,225.0,,,0.61,0.56,-0.18,8.20,1,q1_q17_dr25_tce,6117.00,182.00,-200.00,4.496,0.050,-0.213,0.9470,0.2880,-0.0960,19h29m54.12s,+38d41m28.7s,14.542,
8308516,K07880.01,,CANDIDATE,CANDIDATE,0.1130,0,0,0,0,623.70774,0.01157,-0.01157,303.3588,0.0125,-0.0125,0.003,0.456,-0.003,6.688,0.488,-0.488,250.9,27.7,-27.7,1.81,0.48,-0.26,258.0,,,1.05,0.80,-0.37,10.20,2,q1_q17_dr25_tce,6626.00,158.00,-217.00,4.347,0.112,-0.182,1.1320,0.2980,-0.1610,19h39m48.62s,+44d12m28.5s,13.379,
4862924,K07554.01,,CANDIDATE,CANDIDATE,,0,0,0,0,482.62011,0.03127,-0.03127,314.0653,0.0387,-0.0387,0.1786,0.2704,-0.1786,12.86,1.3,-1.3,324,46.1,-46.1,1.98,1.02,-0.21,263.0,,,1.12,1.72,-0.34,8.10,1,q1_q17_dr24_tce,6315.00,167.00,-217.00,4.389,0.071,-0.071,1.0950,0.5580,-0.1170,19h53m06.42s,+39d54m13.9s,14.519,
6443274,K07567.01,,CANDIDATE,CANDIDATE,,0,0,0,0,608.20572,0.02616,-0.02616,160.7147,0.0341,-0.0341,0.0082,0.4535,-0.0079,13.63,1.5,-1.5,554.2,69.4,-69.4,1.46,0.13,-0.13,143.0,,,0.10,0.03,-0.03,11.30,1,q1_q17_dr24_tce,4486.00,132.00,-127.00,4.642,0.040,-0.040,0.6460,0.0590,-0.0570,19h27m49.05s,+41d49m37.1s,15.059,
8297319,K07591.01,,CANDIDATE,CANDIDATE,,0,0,0,0,328.32211,0.01347,-0.01347,144.0773,0.0361,-0.0361,0.1169,0.353,-0.1168,13.53,1.3,-1.3,399,51.4,-51.4,1.3,0.18,-0.1,193.0,,,0.33,0.17,-0.08,8.20,1,q1_q17_dr24_tce,4906.00,182.00,-164.00,4.648,0.032,-0.032,0.6680,0.0950,-0.0520,19h23m37.67s,+44d17m30.4s,14.937,
8423344,K07592.01,,CANDIDATE,CANDIDATE,,0,0,0,0,381.97977,0.03982,-0.03982,163.1805,0.0511,-0.0511,0.2178,0.2988,-0.2177,15.7,4.6,-4.6,900,319,-319,1.55,0.15,-0.14,132.0,,,0.07,0.02,-0.02,10.40,1,q1_q17_dr24_tce,3761.00,50.00,-50.00,4.724,0.060,-0.060,0.5260,0.0500,-0.0500,19h15m52.38s,+44d26m54.0s,15.494,
5802205,K08107.01,,CANDIDATE,CANDIDATE,0.3810,0,0,0,0,578.88761,0.02197,-0.02197,219.2878,0.023,-0.023,0.24,0.212,-0.24,18.521,0.959,-0.959,76.8,5.8,-5.8,1.69,0.45,-0.67,315.0,,,2.32,1.88,-1.60,15.10,1,q1_q17_dr25_tce,6180.00,195.00,-238.00,3.946,0.405,-0.135,1.9170,0.5070,-0.7600,19h40m21.00s,+41d02m14.6s,11.402,
3629119,K08242.01,,CANDIDATE,CANDIDATE,0.1750,0,0,0,0,331.55459,0.01384,-0.01384,237.2754,0.0361,-0.0361,0.001,0.453,-0.001,5.35,1.3,-1.3,288.7,48.2,-48.2,1.36,0.32,-0.11,240.0,,,0.78,0.56,-0.19,6.70,1,q1_q17_dr25_tce,5762.00,155.00,-155.00,4.576,0.040,-0.160,0.8010,0.1930,-0.0640,19h04m10.55s,+38d42m31.7s,14.066,
4446859,K08246.01,,CANDIDATE,CANDIDATE,0.2280,0,0,0,0,425.64971,0.02019,-0.02019,284.3479,0.0357,-0.0357,0.303,0.15,-0.303,11.07,1.3,-1.3,171.2,27.8,-27.8,1.58,0.45,-0.37,281.0,,,1.48,1.27,-0.71,7.60,1,q1_q17_dr25_tce,6067.00,182.00,-182.00,4.253,0.220,-0.180,1.1950,0.3420,-0.2790,19h02m25.97s,+39d34m45.5s,13.855,
9084569,K07923.01,,CANDIDATE,CANDIDATE,0.7500,0,0,0,0,395.13138,0.02017,-0.02017,162.7395,0.0331,-0.0331,0.45,0.045,-0.429,21.291,0.916,-0.916,126.4,9.8,-9.8,0.97,0.12,-0.1,208.0,,,0.44,0.20,-0.13,14.40,2,q1_q17_dr25_tce,5060.00,192.00,-174.00,4.493,0.080,-0.088,0.8690,0.1000,-0.0910,19h20m47.98s,+45d25m12.0s,12.642,
4572728,K08249.01,,CANDIDATE,CANDIDATE,0.3630,0,0,0,0,309.191789,0.007943,-0.007943,326.2209,0.0215,-0.0215,0.155,0.307,-0.155,11.392,0.719,-0.719,122.8,13.4,-13.4,1.96,0.4,-0.6,383.0,,,5.08,3.14,-2.89,10.50,1,q1_q17_dr25_tce,6299.00,174.00,-174.00,3.990,0.253,-0.117,1.7540,0.3580,-0.5370,19h38m33.04s,+39d39m20.9s,12.746,
5098334,K08253.01,,CANDIDATE,CANDIDATE,0.0670,0,0,0,0,400.11482,0.04988,-0.04988,316.2642,0.0343,-0.0343,0.066,0.531,-0.066,12.37,3.4,-3.4,113.4,75,-75,0.95,0.13,-0.04,226.0,,,0.62,0.22,-0.08,6.70,1,q1_q17_dr25_tce,5547.00,74.00,-83.00,4.521,0.019,-0.110,0.9110,0.1200,-0.0380,19h26m07.08s,+40d15m10.5s,13.521,
9210820,K07930.01,,CANDIDATE,CANDIDATE,0.4690,0,0,0,0,377.67241,0.01947,-0.01947,221.098,0.0374,-0.0374,0.107,0.341,-0.107,15.82,1.4,-1.4,514.8,59.3,-59.3,1.37,0.11,-0.11,187.0,,,0.29,0.08,-0.07,10.20,1,q1_q17_dr25_tce,5031.00,135.00,-150.00,4.644,0.060,-0.035,0.6150,0.0480,-0.0480,19h13m45.39s,+45d41m14.0s,15.180,
9278575,K07932.01,,CANDIDATE,CANDIDATE,0.2300,0,0,0,0,502.25648,0.04197,-0.04197,162.5842,0.076,-0.076,0.05,0.403,-0.05,14.84,1.7,-1.7,153.2,24.3,-24.3,1.03,0.22,-0.15,215.0,,,0.51,0.33,-0.18,8.10,1,q1_q17_dr25_tce,5637.00,169.00,-152.00,4.460,0.135,-0.165,0.8330,0.1800,-0.1200,19h23m34.55s,+45d42m59.9s,13.339,
11294822,K08047.01,,CANDIDATE,CANDIDATE,0.5130,0,0,0,0,302.34971,0.01009,-0.01009,418.9534,0.02,-0.02,0.468,0.497,-0.253,4.978,0.641,-0.641,622.3,94.8,-94.8,1.98,0.11,-0.13,208.0,,,0.44,0.12,-0.09,8.00,1,q1_q17_dr25_tce,4829.00,144.00,-129.00,4.564,0.032,-0.048,0.7940,0.0460,-0.0510,19h22m47.09s,+49d03m57.9s,15.222,
5956171,K08259.01,,CANDIDATE,CANDIDATE,0.3110,0,0,0,0,402.27493,0.02267,-0.02267,369.6734,0.0361,-0.0361,0.668,0.061,-0.479,15.67,1.6,-1.6,294.5,34.2,-34.2,1.73,0.52,-0.18,262.0,,,1.11,1.00,-0.34,11.10,1,q1_q17_dr25_tce,6299.00,170.00,-226.00,4.486,0.054,-0.216,0.9500,0.2900,-0.0970,19h21m48.46s,+41d13m31.8s,14.619,
11296205,K08048.01,,CANDIDATE,CANDIDATE,0.3340,0,0,0,0,379.67276,0.02319,-0.02319,445.9701,0.0232,-0.0232,0.302,0.153,-0.302,9.662,0.866,-0.866,253.9,38.6,-38.6,1.33,0.36,-0.11,247.0,,,0.88,0.70,-0.23,7.90,1,q1_q17_dr25_tce,6156.00,167.00,-186.00,4.563,0.035,-0.196,0.8240,0.2200,-0.0730,19h25m49.12s,+49d02m35.8s,14.440,
8022520,K08272.01,,CANDIDATE,CANDIDATE,0.1200,0,0,0,0,432.42787,0.03739,-0.03739,361.4078,0.0394,-0.0394,0.716,0.277,-0.491,19.63,3.4,-3.4,110.3,70.4,-70.4,1.14,0.37,-0.13,259.0,,,1.07,1.04,-0.32,6.00,1,q1_q17_dr25_tce,6263.00,169.00,-188.00,4.460,0.054,-0.216,1.0090,0.3350,-0.1120,19h18m39.78s,+43d52m46.1s,13.814,
9650579,K07953.01,,CANDIDATE,CANDIDATE,0.3350,0,0,0,0,432.96905,0.04634,-0.04634,186.7367,0.0631,-0.0631,0.4,0.069,-0.4,20.76,3.5,-3.5,257.9,51,-51,1.43,0.33,-0.12,219.0,,,0.55,0.37,-0.14,8.10,1,q1_q17_dr25_tce,5580.00,150.00,-166.00,4.538,0.031,-0.178,0.8860,0.2070,-0.0740,19h29m38.91s,+46d21m50.0s,14.942,
9650762,K07954.01,,CANDIDATE,CANDIDATE,0.8390,0,0,0,0,372.15035,0.02752,-0.02752,453.6928,0.0563,-0.0563,0.259,0.206,-0.259,21.23,1.7,-1.7,457.4,42.4,-42.4,1.74,0.46,-0.14,232.0,,,0.69,0.52,-0.18,12.30,1,q1_q17_dr25_tce,5769.00,155.00,-172.00,4.570,0.042,-0.168,0.8120,0.2120,-0.0660,19h29m55.60s,+46d22m17.3s,15.138,
2284957,K08085.01,,CANDIDATE,CANDIDATE,0.4160,0,0,0,0,419.2615,0.02931,-0.02931,187.5475,0.0581,-0.0581,0.5,0.447,-0.296,21.53,2.6,-2.6,287.8,41.8,-41.8,1.7,0.46,-0.31,256.0,,,1.02,0.82,-0.41,10.10,1,q1_q17_dr25_tce,5979.00,161.00,-179.00,4.379,0.170,-0.187,0.9750,0.2660,-0.1770,19h06m28.60s,+37d37m34.5s,14.547,
